video_file,gender_code
videos/UCLAPLD_4_F.mp4,M
videos/UCLAPLD_12_F.mp4,M
videos/UCLAPLD_13_F.mp4,M
videos/UCLAPLD_16_F.mp4,M
videos/UCLAPLD_19_F.mp4,M
videos/UCLAPLD_32_F.mp4,M
videos/UCLAPLD_37_F.mp4,M
videos/UCLAPLD_38_F.mp4,M
videos/UCLAPLD_40_F.mp4,M
videos/UCLAPLD_41_F.mp4,M
videos/UCLAPLD_44_F.mp4,M
videos/UCLAPLD_50_F.mp4,M
videos/UCLAPLD_51_F.mp4,M
videos/UCLAPLD_53_F.mp4,M
videos/UCLAPLD_59_F.mp4,M
videos/UCLAPLD_64_F.mp4,M
videos/UCLAPLD_66_F.mp4,M
videos/UCLAPLD_69_F.mp4,M
videos/UCLAPLD_75_F.mp4,M
videos/UCLAPLD_76_F.mp4,M
videos/UCLAPLD_77_F.mp4,M
videos/UCLAPLD_81_F.mp4,M
videos/UCLAPLD_84_F.mp4,M
